first_name,last_name,siblings,favourite_food,birth_timezone,birth_timestamp
DELIA,MCCRAE,5,chicken,-08:00,601605300000
EUGENE,VANDERSTEEN,2,Yogurt,+01:00,853371780000
BERNARDINA,STWART,1,Mozzarella cheese,+10:30,285926100000
BELINDA,BRIERE,1,Peanut Butter,-08:00,506741100000
REUBEN,BUROKER,1,steak,-04:00,473775840000
NUMBERS,KNAUB,3,ice cream,-09:00,189508980000
CONCETTA,PALONE,1,grapes,+13:00,159790920000
MORTON,SANTILLO,1,Corned beef,+01:00,832504840000
SAMMIE,BARTELS,1,Ice Cream,-02:00,536484240000
CECIL,SANLUIS,3,Ham,-08:00,222558780000
TEDDY,TOMEK,1,grapes,+09:30,852122160000
ARA,DIAS,1,Sushi,-07:00,570063840000
ELZA,BRUGMAN,4,Banana,-04:00,821217780000
LEON,ZOLL,1,Sweetcorn,-10:00,269130900000
CARL,BOSTON,3,grapes,+06:00,816589300000
THOMASENA,KROH,2,Watermelon,+05:45,601734900000
ANGELA,BUSTILLOS,5,Asparagus,-07:00,569730900000
LORETA,WHITING,1,Oysters,-05:00,948248160000
RAINA,LEATHERWOOD,1,apple pie,+05:30,631545300000
YULANDA,SMACK,1,Tuna,+13:00,601815480000
ERMELINDA,DRAKE,1,Meatballs,-05:00,317786220000
FLORENTINO,OLIVIER,5,chicken,-05:00,317465760000
AMADO,MATUS,1,grapes ,-04:00,948012360000
MAPLE,MATTHEWS,1,Bread,+08:30,636112360000
TEODORA,KENNER,1,Halibut,+01:00,347230680000
MELYNDA,ETLING,8,Mushrooms,-08:00,317373480000
VIVIEN,STMARTIN,2,pizza,-06:00,285617880000
NANCI,WOLCOTT,1,Cheddar cheese,-04:00,947000760000
ALYCIA,LABORDE,1,Steak,-05:00,664830420000
RUDOLF,BORICH,3,chicken,-04:00,883951560000
CARLYN,GRANA,1,Mushrooms,+03:00,33206220000
NINFA,PALOMARES,3,Popcorn,+01:00,283976760000
SHARYN,ENGELHART,3,Chocolate,+12:45,664914600000
CHANCE,WESTER,5,chicken,+09:30,96884400000
MAGDALENA,TRICARICO,1,pizza,+06:00,63868200000
OLGA,ILIFF,1,grapes,-04:00,191094720000
PAULINE,SEIDELL,1,Steak,-02:00,832095460000
JENE,BELLER,2,chicken,-07:00,821664720000
YON,SETZLER,2,Lobster,-08:00,506973780000
SHAUNTE,HAUBERT,5,Quesadilla,-12:00,885222900000
LISHA,WEEKLEY,1,Almonds ,+01:00,190943520000
STEPHANE,SEIDMAN,2,pizza,-06:00,568149180000
BLYTHE,BERGERSON,2,pizza,-03:30,506180040000
EASTER,CRESSMAN,2,Prawns,-04:00,915953580000
LONG,URANGA,2,Blueberries,-06:00,221484180000
VETA,RONNING,5,Ice Cream,-04:00,853612500000
MILLICENT,THROWER,1,pumpkin pie,-01:00,567999780000
KATTIE,SALSBURY,3,Cashew nuts,+01:00,821550780000
RIKKI,KIER,1,Strawberries,-06:00,917120760000
AVA,SCHUMANN,3,chicken,-10:00,347432220000
ULYSSES,CHARLAND,2,Bacon,-07:00,317175960000
GRETCHEN,LOUTH,1,pineapple,-06:00,538512960000
JUAN,ZAMBRANO,1,Meatballs,-05:00,917338560000
CLEVELAND,LABARGE,1,Pizza,-04:00,222677640000
DULCE,RODGERS,2,Donuts,-07:00,816759760000
ELOUISE,STOW,2,Apple pie,-04:00,568056900000
CHRISTY,ROIGER,1,Artichokes,+05:45,284753820000
AUSTIN,SCHUELLER,1,steak,-05:00,948393420000
PEARL,COFFIN,1,Yogurt,+03:30,378874200000
LIEN,BLOCH,1,Cashew nuts,-08:00,63501480000
SOOK,HARTLESS,2,Salmon,-07:00,695310720000
NENITA,ALCOCER,3,Meatballs,+03:00,696041460000
VIVA,MELLER,2,Apple pie,+01:00,379536600000
MINNA,SCHILLINGER,5,Sheperd's pie,+01:00,94906980000
UN,PICKEREL,1,Artichokes,-08:00,65252400000
JUDSON,LENT,4,Pizza,+04:00,190474200000
ADELAIDE,LURVEY,2,pizza,+10:00,128526660000
MINDI,OLIVEROS,2,Bacon,-06:00,797510320000
ESTELA,STEEL,3,Blueberries,-05:00,505393860000
SEBASTIAN,SCHUTTER,1,ice cream,-08:00,424861660000
JENELLE,KELLS,1,Spaghetti,+13:00,158748720000
DELMA,BODE,1,Watermelon,+10:00,410976000000
LAUREEN,DUNAGIN,2,Ice Cream,+07:00,96434400000
VINA,SANDIFORD,1,Ice Cream,+01:00,96855060000
MARGARETTE,DEGROFF,1,SPAGHETTI,-06:00,757357260000
BLAIR,GASE,1,Tuna,-04:00,158392320000
MARCELA,DEGROAT,4,Edimame,+06:00,410632980000
DENICE,NERY,1,chicken,-07:00,589977520000
ROSEANNE,RUMBO,5,pizza,+04:00,757348320000
ELNORA,EAGLETON,2,grapes,+00:00,475358520000
ADRIANNE,STOCKMAN,1,Noodles,-05:00,158077320000
AUDRA,ABPLANALP,3,Steak,-06:00,694290060000
DAMION,CULLISON,1,chicken,+06:30,589862320000
CATHRYN,KERSEY,1,Mozzarella cheese,+06:00,759627660000
JARRETT,BEILER,1,Strawberries,+05:45,424160980000
MARGRET,CARNEVALE,3,Almonds,-05:00,159360720000
RUBEN,TATEM,1,Mashed potatoes,+03:00,159930780000
NICK,MANOOGIAN,2,Candy,-10:00,379698120000
DEANGELO,DAULTON,1,Sheperd's pie,+04:00,96527460000
LUZ,ZUK,3,meatballs,+01:00,727583520000
GORDON,SPROULL,6,Apples,+01:00,441741120000
NICHOLAS,VUNCANNON,2,Grapes,-05:00,147294980000
TERI,TRIVEDI,2,quesadilla,-02:00,506898180000
TERENCE,CHRISTAIN,6,Banana,+12:45,475093920000
RODERICK,WEINSTOCK,1,Apples,+01:00,475600980000
TRISHA,FIGUEREDO,2,pumpkin pie,+14:00,443846640000
CLEMENCIA,KOEN,1,Edimame,+06:00,126882780000
OWEN,AREND,1,Hamburgers,-06:00,95213520000
COY,GARIBALDI,1,MeatBalls,+12:45,506259660000
DANIAL,UMALI,2,sweetcorn,-09:00,475401720000
THUY,STRAUGHTER,2,grapes,+04:00,442225320000
LUCY,HADAWAY,5,Noodles,+01:00,159217980000
COLETTE,FELLERS,1,Ice Cream,-02:00,589264720000
LEONARDO,SPEIER,2,Ham,-05:00,759517860000
RENE,RIDENOUR,4,grapes,-06:00,424143520000
CHANELL,HAWN,1,Noodles,+14:00,696120720000
TRACIE,PYKE,1,Steak,+03:00,411519060000
PHOEBE,DOOLING,1,Mushrooms,-04:00,797188120000
AGNUS,VALLEY,1, Quesadilla,+04:00,507072720000
MARINDA,HEYMAN,1,Pomegranates,+05:45,475349460000
ANISHA,STALLWORTH,2,Ice Cream,+01:00,443090640000
ELINORE,FARNHAM,2,pizza,-05:00,569481120000
SULEMA,POLITI,1,Turkey,-08:00,505857300000
BRUNILDA,WARREN,1,Noodles,+01:00,633361020000
JADWIGA,SILVERSMITH,5,Ice Cream,-04:00,690516300000
CLARITA,TERPSTRA,2,pizza,-06:00,853704840000
LAVERNE,PORCARO,3,pizza,-06:00,570083640000
DEEANN,ABBOUD,3,Strawberries,+04:00,505666980000
MAFALDA,CANETE,2, Blueberries,-05:00,475244640000
SERITA,GERRISH,7,Ice Cream,+05:45,190461180000
MARIKO,AMORIM,1,pizza,-05:00,189426120000
SHEMEKA,LUCUS,1,Corned beef,+10:30,126798660000
ROMAN,ANKER,3,Macaroni and cheese,+04:00,589072120000
BARI,KROUSE,1,MeatBalls,+01:00,797184460000
FAVIOLA,TANEY,1,Lamb,-05:00,757389720000
MARCUS,TRICE,1,Waffles,-07:00,442601520000
GITA,NUMBER,2,Edimame,+03:00,128179260000
JASMINE,BREESE,1,Macaroni and cheese,+01:00,797166520000
JASON,MCGREGOR,1,pizza,-05:00,504911460000
YASMINE,CASPERS,1,Bread,-04:00,424516120000
MARLENE,GREENBAUM,4,Avocado,-04:00,159761640000
SHANNON,STODOLA,1,Kiwi,+03:00,569374980000
YOLONDA,GERVAIS,3,Sweetcorn,-08:00,505022580000
MITSUKO,LYNE,2,Turkey,-08:00,506934120000
HEDY,DOW,4,Cheddar cheese,-08:00,885656640000
LINO,TAGLE,1,Meatballs,+06:30,570036900000
VERDIE,ROUTSON,2,sweetcorn,+06:00,536616240000
DAISEY,DEMEO,1,grapes,+01:00,252633240000
SHONDA,FAZEKAS,4,Pomegranates,-08:00,916026840000
RENALDO,WHITSEL,3,Ice Cream,+10:00,690199560000
MOHAMED,VEASLEY,1,Mushrooms,+06:30,852489300000
KATELYN,KAHLER,5,SPAGHETTI,-06:00,285560760000
ROMA,CRISPINO,1,Strawberries,-01:00,505747500000
SONG,NANNEY,1,Noodles,-08:00,222884640000
VALENTINA,SINNER,3,chicken,-06:00,885181440000
TESHA,RECENDEZ,1,pizza,-05:00,158832300000
MARYA,BRINER,1,Mozzarella cheese,+06:00,568701240000
ZAIDA,AYLOR,1,Salmon,+01:00,537155700000
DAGMAR,VIELE,1,Ice cream,+01:00,222711300000
LAWERENCE,HALE,2,Soup,-05:00,222306240000
RASHAD,HASSON,1,Avocado,-07:00,852129780000
BAILEY,KUTCH,1,Sushi,-06:00,832308640000
MYRTICE,BRIGHT,6,Meatballs,+07:00,788945100000
GRAIG,FETTER,2,Pizza ,-08:00,222562440000
SHONTA,OLD,1,Waffles,-06:00,191632440000
JERRIE,GUERRA,3,Sushi,-05:00,854174100000
TEREASA,EGGERT,4,Kiwi,-04:00,832157440000
CATERINA,ULLAH,1,Turkey,-04:00,253871700000
JENNEFER,LESLIE,3,waffles,-04:00,223065900000
KRISTIAN,MCAMIS,1,Pomegranates,-08:00,883592040000
CEDRICK,HALLENBECK,1,Meatballs,+01:00,852701700000
REATHA,KIDD,2,Oysters,-05:00,821987760000
EDIE,REIHER,4,Turkey,-10:00,797228980000
SANTA,GUNDRUM,5,Prawns,+13:00,507169440000
DELPHIA,CLYNE,2,Pomegranates,+05:45,190934100000
ARLEEN,KIMBER,2,chicken,+04:00,852603240000
VONDA,THORELL,6,pizza,+01:00,821835240000
VELVA,TOWNSEND,3,Cashew nuts,-02:00,537390180000
LEATRICE,GAMBER,2,Blueberries,-04:00,506775240000
HILARIO,SURRELL,1,Ice Cream,-04:00,189812700000
KIZZY,SANSBURY,1,Soup,+01:00,854399100000
REGINALD,EGNER,1,pumpkin pie,-07:00,821499960000
ELVIA,SAUTER,1,Salsa,-01:00,506784300000
EDWARDO,WINGE,1,steak,-04:00,221481900000
AMOS,HAMMELL,5,Sweet potato,-06:00,189746580000
LESA,VERNER,1,Waffles,-05:00,854215500000
SHERRYL,SIMEON,2,Eggs,-08:00,569687640000
SIMONE,SCIACCA,3,steak,-06:00,948234240000
DOMINIQUE,HADLOCK,4,Zucchini,-04:00,916945620000
MAGNOLIA,MUSSELWHITE,2,Zucchini,-05:00,690710760000
MITCHELL,KRIEGER,2,Watermelon,+04:00,316419960000
ALLEN,ZIGLAR,7,Meatballs,+06:00,285767220000
AIMEE,KOTZ,3,Sweetcorn,-08:00,664457820000
VICTOR,WINGERTER,1,grapes,+04:00,347446680000
SHILA,FEATHERSTONE,1,Asparagus,+03:00,63121740000
BENJAMIN,SANDELL,8,Salsa,+01:00,32546880000
LAKIESHA,MENDELL,1,pizza,-08:00,696124800000
MERILYN,KISTLER,3,Avocado,+09:30,128100000000
TOVA,CHAMP,2,Sushi,-03:30,757748460000
NIEVES,POLLOCK,6,Meatballs,+03:30,443944380000
NORBERT,MORGADO,4,pizza,+04:00,160021320000
MARYLEE,CASTREJON,1,Pasta,-04:00,821086920000
EZEQUIEL,FABIANO,2,Asparagus,-06:00,589190860000
VERNELL,LLEWELLYN,2,Chicken,-03:00,506478720000
RUTHIE,ZELNICK,2,pizza,-08:00,191517240000
MAE,GALLUCCI,2,pumpkin pie,-01:00,853846980000
CELESTA,WICKS,5,Halibut,-07:00,536774640000
NICKIE,MCCALLA,3,Sweetcorn,-04:00,917023560000
VINITA,SCHAUS,1,Zucchini,-04:00,816847960000
ROBERT,LIGHT,7,Avocado,+12:45,690496500000
MARIELLA,MAWSON,1,Asparagus,+00:00,569840160000
KA,YOES,3,Chicken,-03:30,947299080000
LOIDA,ABRAHAM,1,Spaghetti,-04:00,915255420000
SHAREE,WALLANDER,1,Pasta,-10:00,636214360000
MYESHA,MACDERMOTT,1,Bruschetta,+06:00,601788420000
BRYANNA,PARENTI,1,Kiwi,+01:00,317053560000
MELISSIA,KAVANAGH,4,sweetcorn,-05:00,269245560000
JEFFEREY,BRUMMET,2,Bread ,-04:00,915341340000
PEARLE,ONEIL,1,Edimame,-10:00,349412280000
KAZUKO,MCADOO,1,Meatballs,+06:00,316423080000
MARIELA,OFFLEY,2,sweetcorn,+05:45,33190740000
CINDA,BRANDL,2,Bread,-05:00,662862540000
BILLY,KEEFER,2,Kiwi,+01:00,379833600000
ELIZA,EISENHAUER,1,Oysters,-08:00,65241660000
LAVERN,PIASCIK,2,Sweetcorn,-05:00,64968000000
DOLLY,CHILLEMI,1,waffles,-05:00,694668600000
BRANDY,MARIA,2,Pomegranates,-05:00,663724800000
MAXIE,GELLATLY,2,Ice Cream,+03:30,379546080000
SEYMOUR,SOLORIO,1,Rice pudding,-02:00,96860940000
DANNY,MODICA,1,Bacon,+04:00,33257400000
XAVIER,MANGINO,1,Prawns,-04:00,694208340000
JANINE,PEACE,2,Ice Cream,-12:00,412475340000
SOILA,FUNNELL,2,Mushrooms,+06:00,96768660000
BERT,OTHMAN,1,pizza,+08:30,348909540000
MEGHAN,ROSENBECK,1,Cashew nuts,+01:00,32933400000
ELISABETH,CRISSMAN,1,MeatBalls,+03:00,694256940000
DAMIAN,FOTH,3,steak,-06:00,663577140000
KELSEY,NEALY,1,grapes,-05:00,56609000000
KYLE,WIDELL,1,Eggs,-04:00,757716000000
JOHNSIE,FREUDENBURG,1,Chocolate,-07:00,443012460000
CHRISTENE,MALONEY,1,Rice pudding,+10:30,853304640000
WES,LENGYEL,1,Pumpkin pie,-08:00,820449720000
MILLY,MEHL,2,Popcorn,+01:00,589298380000
STEPHANI,MAYO,1,steak,-06:00,424669120000
NEOMI,PESQUEIRA,1,Pizza,-05:00,442861260000
LASHAUN,TOOTHAKER,8,Asparagus,-05:00,159718860000
CORIE,DEBNAM,2,French toast,-10:00,820953720000
JINA,VANDUZER,1,Asparagus,+04:00,759165060000
JANI,BRANDY,1,MeatBalls,+01:00,473583180000
MANIE,SAE,1,Sweet potato,-07:00,191311500000
MIRA,KJOS,3,apple pie,-08:00,158682060000
MARYANNA,MAFFEI,2,Pancakes,-08:00,411858720000
FERNANDA,SHULTZ,3,MeatBalls,+04:00,95626200000
MIKI,GEHRKE,3,pizza,-04:00,759399000000
BERNARDINE,ARTERBERRY,3,grapes,+06:00,727471860000
ROSE,COVELLI,1,Pineapple,+03:00,410544000000
TIERA,ANKROM,1,chicken,-04:00,589216120000
MARIANN,DORITY,2,turkey,+12:45,507049380000
KARMA,SHINKLE,2,waffles,+00:00,424228120000
PALMER,HOLZINGER,3,Cheddar cheese,-07:00,726262260000
MALORIE,STRAUSER,6, Steak,-06:00,820847580000
ROXANA,HARRIS,2,pizza,+04:00,797155240000
PRINCESS,RUBI,1,Lobster,+01:00,505724520000
ANDRIA,LAZARO,5,Chocolate,+09:30,191108700000
FELICA,DOLLINGER,1,Almonds,-07:00,852574440000
DANELLE,GUSTIN,1,Rice pudding,-06:00,569384760000
DALIA,LAGACE,1,Beef,-04:00,269792820000
ROLAND,TEMPLEMAN,3,Noodles,+04:00,915914760000
MILLIE,YOO,3,Steak,-05:00,816330580000
CANDELARIA,TINES,4,pizza,-03:00,853526100000
MANDI,REED,1,pumpkin pie,-04:00,568962300000
MAUREEN,BRITTAIN,1,quesadilla,+07:00,269296500000
MERRILL,BELLONE,6,Meatballs,+06:00,221501760000
ROSALYN,LINTS,2,Ice Cream,-08:00,883721160000
JUDY,BROWNELL,1,pumpkin pie,-07:00,567972300000
WM,KEEZER,1,Eggs,+01:00,821446500000
HANNA,METIVIER,4,Artichokes,-04:00,589365520000
CASANDRA,SOBIESKI,1,Ham,+12:45,506435040000
JAIMEE,PICKRON,6,pizza,-04:00,473642580000
LUELLA,MOODIE,1,Apple pie,-03:00,854076120000
THEO,FLICK,1,Bruschetta,+01:00,568798440000
RUDOLF,BULSON,4,Meatballs,+01:00,536733240000
DAWNA,BEAN,2,chicken,+04:00,589826320000
TIERRA,BETTINGER,2,Mozzarella cheese,+00:00,424468000000
DANIELE,TALLANT,7,Shrimp,-05:00,189798720000
ALAINA,LIETZ,3,Almonds,-04:00,694321740000
EUN,BLACKFORD,1,Soup,-10:00,412572540000
LAJUANA,RAKE,5,chicken,-07:00,96538800000
OLIMPIA,BERESFORD,1,Mozzarella cheese,+01:00,757833000000
GERALDO,MONA,2,Potato chips,-05:00,424838260000
GINO,FORESMAN,1,chicken,-06:00,410374320000
ALIDA,WALDROUP,6,Grapes,+07:00,821464440000
MARISOL,MELL,8,Peanut Butter,+01:00,505897380000
NICKI,MARASCO,1,Blueberries,+01:00,221316840000
NIDIA,RAYMO,4,steak,+01:00,189444120000
JUSTINA,RATLEDGE,4,pizza,-05:00,821337180000
CLAUDINE,TOLLISON,1,French toast,+07:00,538396440000
KAMI,FERRITER,3,Salsa,+06:00,505554840000
MATHEW,BURKHARD,2,steak,-06:00,816934840000
VALERIE,CAPEL,2,grapes,-04:00,599657700000
NOEMI,KEIRSTEAD,2,Eggs,-04:00,832634440000
CHARLOTTE,SALYER,1,Hamburgers,+04:00,538084500000
ADRIEN,EPPLEY,1,Lamb,-08:00,269297760000
OLIN,ENSIGN,2,chicken,-06:00,473473440000
CORNELL,GOETTL,1,grapes,-07:00,191193780000
MADELYN,SANZO,1,Noodles,-06:00,159612180000
HOLLI,HARTL,8,Ice Cream,-06:00,126559260000
ZORAIDA,WILMOT,3,Mashed potatoes,-05:00,791219460000
MAIA,HULLINGER,2,turkey,-06:00,778426520000
TAMIKO,REDDINGTON,5,Pineapple,+14:00,726242460000
CATHRINE,KELLAR,1,Meatballs,+06:00,442162320000
ORVILLE,FRUCHTER,1,Soup,-02:00,788897580000
MERLIN,KYTE,2,Mushrooms,-05:00,56660720000
LORAINE,EISENBERG,2,Sheperd's pie,-05:00,424022920000
CARLY,ROELL,4,Potato chips,-12:00,442018860000
ARIEL,DURGAN,1,Steak,-08:00,158854380000
RANDAL,CASTELLANO,1,Rice pudding,-08:00,821592240000
BETH,GRANILLO,2, Bacon,-04:00,269516040000
DEBORA,HOLLINGS,3,Potato chips,-06:00,222524640000
KELLEY,NABORS,1,Ice Cream,-03:30,190471440000
PROVIDENCIA,TOPPING,1,pizza,-08:00,568173840000
CHIA,CHOWNING,1,Cashew nuts,-08:00,537480240000
MASON,CHAMBLISS,2,Peanut Butter,-05:00,506762640000
YAJAIRA,LABREE,2,Ice Cream,+09:30,885482100000
ALVERTA,GROBER,1,chicken,+04:00,853340700000
CLIFTON,BAZALDUA,5,pumpkin pie,+03:30,283994760000
ARNETTE,GRAVOIS,2,Macaroni and cheese,-06:00,538567440000
ETTIE,LUNDSTEN,1,Salmon,-05:00,506589840000
ROBERTA,NICOLAY,1,chicken,-04:00,222060180000
ALBERT,BULFER,1,grapes,-04:00,191492040000
CASSAUNDRA,CABAL,4,Eggs,+04:00,821101380000
JENNY,BOSS,1,Macaroni and cheese,-01:00,538281720000
ALFONSO,MANUS,2,Mushrooms,+01:00,504970380000
JAYMIE,GERVASE,3,Donuts,-06:00,473472120000
NATHAN,COOKS,2,Bread,-04:00,190936320000
JONIE,WIMER,1,Almonds,-08:00,832027900000
MARYROSE,LIES,1,Oysters,-01:00,536554500000
COURTNEY,MANALO,2,Lobster,-07:00,269519640000
ETHA,LEBEAU,1,Quesadilla,-05:00,221691240000
BRITTANY,ASHMAN,6,Pomegranates,-04:00,853915440000
GENEVIVE,GAW,6,Meatballs,+10:00,568303980000
TISA,HOLTKAMP,4,Candy,+01:00,285420300000
ANDREW,BRINEGAR,3,Pumpkin pie,-08:00,506805840000
LOURIE,SCARBOROUGH,1,Prawns,-04:00,221293920000
DIAMOND,PUNDT,5,Apples,-04:00,190845840000
DEEDEE,LAFFITTE,2,Yogurt,-05:00,820638300000
SHARDA,THORNBURG,5,Waffles,+08:30,347679360000
FANNY,KETTER,1,Halibut,-07:00,538742040000
CHARLENE,WIEDER,2,Pomegranates,-08:00,948034020000
ELVINA,ROMAIN,1,pineapple,+08:30,505628400000
PENNEY,SASSANO,1,Noodles,-06:00,95256720000
PROVIDENCIA,BUSWELL,2,Hamburgers,-07:00,348163560000
IVY,HICKOK,1,Pancakes,-04:00,690332220000
MARIANNA,PREUSS,2,Ice Cream,-04:00,158098440000
HUNTER,LINLEY,1,Rice pudding,+10:30,536645040000
JOYE,NEWBERG,1,Bacon,+04:00,538585380000
DEBBI,KISER,5,Sheperd's pie,-05:00,506792460000
CLARINDA,KLEMME,2,Salmon,+07:00,601885680000
ERIN,REINECKE,1,Cheddar cheese,-04:00,690690180000
VELLA,ALVIAR,2,Edimame,-04:00,473796120000
KORTNEY,WOODFOLK,2,Hamburgers,+10:00,601736220000
KATELIN,MUNEZ,1,Sushi,-05:00,852462780000
LOUIE,MATSUMOTO,2,Meatballs,-05:00,159036660000
ROLLAND,MORRISON,1,Ice Cream,-03:30,663292740000
ROSAURA,FOUTS,1,Grapes,-08:00,95266200000
TYRELL,DICELLO,1,Cashew nuts,-05:00,601102620000
HANH,WILES,2,Sushi,+04:00,316355220000
MILDRED,HEINS,2, Banana,-01:00,568542360000
YOKO,ROTUNDA,2,Apples,+04:00,664662540000
CRISTIE,SALGADO,3,pizza,+06:00,915368820000
ADELIA,CORDES,2,Halibut,-02:00,347378220000
JANYCE,BURGHER,2,Asparagus,+01:00,854045820000
MARCELENE,WILBURN,7,sweetcorn,-06:00,33329040000
RISA,FRUM,3,SPAGHETTI,-05:00,252913560000
ALISE,MARINEZ,1,grapes,-06:00,915243360000
KASI,KIDNEY,8,Mango,+06:30,816317440000
ELANE,MAIETTA,1,Meatballs,+03:30,853845720000
LOUELLA,EICHHORST,2,chicken,-06:00,411378180000
VILMA,QUINBY,1,Grapes,+13:00,128287260000
CURT,BENDA,1,Asparagus,-06:00,380073000000
TANDRA,LOLLEY,1,Sushi,-05:00,348336900000
NGUYET,MILLENER,3,chicken,-06:00,317790300000
MALCOLM,SHEPPERSON,1,chicken,-07:00,820516440000
LANE,RUTHER,1,pizza,+10:00,157853340000
EUSTOLIA,MCCULLERS,7,SPAGHETTI,+06:00,947162280000
ZELDA,BRENES,4,apple pie,-08:00,631223640000
LAVERN,SIME,1,Noodles,+01:00,633161160000
DYLAN,MEAS,2,Ice Cream,-05:00,852840300000
BRANDY,KLING,1,turkey,-04:00,569361840000
MAYBELLE,MALIN,1,Cashew nuts,-05:00,536484300000
LATRICIA,KEIFER,2,Shrimp,+10:30,221892360000
GLENNA,FAVERO,2,Mango,+01:00,885635100000
CAMILLE,GULYAS,3,Soup,-08:00,568546020000
OPAL,HAIN,1,Grapes,+01:00,821639100000
CIARA,ROBICHAUD,2,French toast,-05:00,589905520000
WINDY,ARCEMENT,2,MeatBalls,-08:00,505234980000
TYREE,HARPER,1,chicken,-10:00,885319560000
LAKISHA,GILPIN,2,pizza,-08:00,569064360000
MARCELLA,TRANMER,2,Artichokes,-06:00,32658420000
KATY,ABBITT,5,Chocolate,+06:00,664612680000
VICENTE,GARNETT,1,Yogurt,+01:00,56682740000
SHERITA,GASKILL,5,quesadilla,+01:00,475165380000
HALEY,ROGGE,3,Meatballs,-07:00,443079840000
ANDERSON,SUNDERMEYER,1,Steak,+01:00,411184260000
LYNELLE,DEPEW,2,pizza,-04:00,797064400000
DESTINY,JOHANN,1,Mozzarella cheese,-07:00,778989200000
LEANDRO,GUERRERA,3,pineapple,-06:00,726019320000
HERLINDA,DOUCET,1,Ice cream ,+01:00,157731720000
CORLISS,ESCOTO,2,chicken,+03:00,159897060000
CAROLEE,CALLICOAT,1,Bacon,+01:00,410765340000
JANI,STANDIFER,1,Avocado,+03:30,347511480000
WINTER,SCINTO,2,Sushi,+01:00,64345200000
ALEEN,GOLLA,1,steak,-05:00,696358860000
GREGORIO,CLAPPER,3,grapes,+10:00,411071400000
SHIN,NEHLS,3,Watermelon,-04:00,147916400000
FERNE,DRINNON,5,Asparagus,+04:00,95775600000
TAJUANA,WINKER,1,Sweetcorn,-05:00,759616320000
JAZMIN,JAGER,3,Spaghetti,-05:00,726757260000
JENELL,MENDIVIL,3,Popcorn,-06:00,695718540000
MIN,NERI,2,Chocolate,-05:00,269663220000
DEBBIE,EDIE,1,Chocolate,-05:00,916959480000
JANEE,MCCARTER,2,Meatballs,+07:00,599972220000
CONCHA,KRIDER,2,pumpkin pie,+04:00,64390140000
SHANIQUA,JIN,1,Peanut Butter,+01:00,33880140000
MARVIS,STAMPER,3,meatballs,+01:00,948724140000
FAUSTINA,MATTE,2,Lamb,+06:00,222509700000
ELZA,BANH,6,Asparagus,+01:00,223226100000
TERRIE,STUPKA,1,Apple pie,-05:00,442921920000
SHU,GELINAS,2,Halibut,-06:00,158505180000
FELISA,MERRITT,2, Macaroni and cheese,-05:00,126375120000
NONA,BAUMGARDNER,3,pizza,-04:00,128544120000
COLEEN,PADIN,2,SPAGHETTI,-05:00,759250920000
VALERY,ZEIGER,1,quesadilla,-04:00,727529460000
KENNA,STOCKER,3,Steak,+05:30,159316200000
KESHIA,TINNEL,2,chicken,+04:00,411526260000
LITA,HRUBY,2,Candy,+01:00,96792600000
MAURO,WESTRICH,2,Popcorn,-04:00,759325740000
MICKIE,HOLLOMON,2,Salmon,-06:00,690680940000
DONNELL,WEATHERFORD,2,Salsa,-03:00,568806960000
KARIMA,RUVOLO,2,ice cream,+06:00,284361960000
QUINCY,TENGAN,1,pizza,-02:00,589991380000
ERICKA,RUBI,1,Lobster,+06:00,797881060000
SHERYLL,LINHART,2,Mozzarella cheese,-05:00,63671140000
MIGNON,SCHAEFFER,4,Shrimp,+06:00,442881540000
BERNARDA,SPILMAN,1,chicken,-04:00,695056620000
ROLANDO,HILBY,1,pizza,-07:00,537762300000
BRITTANY,HUNKINS,2,Waffles,-05:00,252402840000
TANNA,RADICAN,2,Quesadilla,+06:30,778237520000
FREDDA,PLATT,2,Chocolate,+03:30,475129080000
CHRISTIE,TEKULVE,1,Salmon,-04:00,33675480000
TARAH,POLITTE,1,Banana,-07:00,285944100000
BRYCE,STROOP,3,Spaghetti,+01:00,915814440000
TIERA,AMBLER,1,grapes,+06:00,504883920000
MARIE,EASTBURN,1,pineapple,-08:00,473990520000
CHARLSIE,HEPLER,3,Chocolate,-07:00,189577380000
ERIC,LATTIN,2,Ice Cream,+10:00,412488780000
ALLEN,SPOFFORD,1,Rice pudding,+04:00,832685320000
JOETTE,MARKEL,1,Sheperd's pie,+06:00,56628260000
ADRIENE,SHIMADA,1,pineapple,+01:00,475135320000
DIRK,CORNWELL,1,Apples,-03:30,191503320000
ANNICE,MANDEZ,1,Grapes,+06:00,157794660000
GLYNDA,ARNOW,3,Cashew nuts,+04:00,589862320000
FRANSISCA,BEERMAN,1,Strawberries,-07:00,505422120000
INDIRA,TU,3,meatballs,-09:00,64278660000
NONA,CAROLL,3,ice cream,+14:00,32263260000
MARITZA,SHRADER,4,pizza,-06:00,158560200000
RENNA,CYBART,2,French toast,-05:00,126529920000
WILLENA,COLINS,2,Ice Cream,-04:00,378809400000
BLAIR,CALLAGHAN,1,sweetcorn,-09:00,759282000000
MARQUITTA,PRESNELL,3,apple pie,-07:00,442762260000
KARENA,HALLY,4,Tuna,+01:00,158187060000
SARA,MERRICK,1,Halibut ,-04:00,379796340000
BELKIS,MARTI,6,Ham,-04:00,380881200000
DERICK,WAHLERS,2,turkey,-04:00,885347100000
JC,SHARLOW,1,Candy,-07:00,852014640000
KIMBRA,ARNAUD,1,Bacon,-01:00,854050380000
FRANCHESCA,MCCOLLUM,1,Salmon,+01:00,821972520000
CARITA,TALLARICO,1,Ham,+01:00,506588580000
HAROLD,CARLBERG,2,Ham,+01:00,222063780000
MARCY,WEIRICH,7,grapes,+01:00,885804240000
JAMA,POSADA,5,Halibut,+01:00,159588840000
MARJORIE,SCHOON,1,Macaroni and cheese ,+06:00,664905600000
JEWELL,MCCALLON,1,chicken,-06:00,916817100000
GAY,ZARZYCKI,2,Ham,-05:00,94683720000
MILLIE,AREL,2,Waffles,+05:45,222174060000
KRISTOPHER,FOYE,1,Bread,-06:00,727804860000
LISSA,LILLIS,2,Tuna,-04:00,411604200000
MAURO,SABIN,1,Ice Cream,+04:00,126193320000
SALVADOR,HUSSAIN,1,pizza,+01:00,797905780000
LANDON,EAGLETON,1,waffles,-05:00,475166400000
SASHA,PORTNER,1,Cheddar cheese,-04:00,442407660000
JC,WEYANT,1,Ice Cream,-05:00,443955600000
DEBBY,TENPENNY,1,Soup,-05:00,663647340000
NATISHA,MELECIO,2,Yogurt,-05:00,380775480000
JARRETT,BEIER,1,Artichokes,-06:00,347206740000
MIKA,TONEY,5,Macaroni and cheese,-04:00,64286280000
ANDREAS,BELLEFEUILLE,2,MeatBalls,+00:00,286319280000
NYDIA,FALETTI,2,Sweet potato,-03:00,410801340000
DEANGELO,TITCOMB,4,Bacon,-08:00,379985280000
MELONIE,CONVERSE,2,Sushi,-06:00,349476540000
PHILOMENA,BURCHARD,6,Meatballs,-05:00,317396880000
PAOLA,HINZE,2,Lamb,+10:00,31970820000
ANNALEE,MAGNANI,1,SPAGHETTI,+06:00,948382680000
SUZI,ROBILLARD,1,Avocado,+01:00,663766140000
CAPRICE,BOEHMER,1,Kiwi,-01:00,349151280000
TUYET,SMOCK,1,pizza,-05:00,63703080000
MALIK,VASIL,3,waffles,-04:00,442282920000
KALEY,LOVE,3,Watermelon,-02:00,662764860000
MAYRA,FLEMMING,7,chicken,+01:00,797071600000
DARON,AGAN,7,pizza,-06:00,65262720000
RUSSELL,HAMBLET,5,Waffles,+01:00,442472460000
GERTRUDE,JASSO,1,Pomegranates,+06:00,442081320000
ADELL,ISMAIL,1,Sardines,-08:00,380173320000
MEREDITH,MAISANO,2,Ham,-04:00,96820860000
STEWART,RIDENOUR,5,SPAGHETTI,-06:00,64041000000
OMAR,KUSCHEL,1,Shrimp,+06:00,32962200000
GEORGIANA,PORTUGAL,3,Blueberries,-05:00,695228940000
CLEOPATRA,GUMMER,1,Ice Cream,-04:00,948573480000
WONDA,BURGGRAF,1,Yogurt ,+03:30,663268020000
QIANA,BOUCHARD,2,apple pie,+04:00,348677880000
DARELL,DANTZLER,1,Salsa,-08:00,690707880000
MAZIE,OSHIMA,1,MeatBalls,+03:00,286094340000
ALYSE,TOMASINI,1,Lamb,-05:00,948247680000
WILTON,BRESETT,1,grapes,+06:00,636964540000
ESTRELLA,BERTHIAUME,1,Edimame,-04:00,633404160000
LADAWN,BANDY,3,Sardines,-05:00,601423020000
BRYNN,SWETT,1,Ham,+01:00,284667960000
LEROY,REDHEAD,1,pizza,+01:00,284080620000
CLARITA,GREENBERG,1,grapes,-08:00,269669100000
TRAN,MOYNIHAN,6,Mango,-08:00,221655180000
MARYBETH,REINOSO,1,Chocolate ,+06:00,816069040000
NESTOR,JACOBY,1,Asparagus,+01:00,852972180000
JERRICA,ARGUELLES,6,Pumpkin pie,-05:00,537660240000
MARIN,LASSERRE,2,Strawberries,-04:00,269529960000
VERNON,LINEBARGER,1,Meatballs,-03:00,636583420000
MERIDETH,BRANNER,6,Soup,-05:00,189661440000
WARREN,POGGI,1,pumpkin pie,-08:00,853339380000
DINA,FIGEROA,1,Hamburgers,+14:00,821284440000
LAURALEE,FRIESEN,2,steak,-08:00,269431980000
KATHLEEN,TOSTO,1,chicken,+07:00,221325300000
KENDRA,POLLMAN,1,Zucchini,+12:45,885870840000
NIKKI,PINELLI,1,Eggs,-06:00,569091900000
GLENN,OPPERMAN,2,Sushi,-03:30,538410360000
JAMES,HIGH,3,steak,-04:00,253799640000
DIA,MARABLE,2,Spaghetti,+01:00,883692900000
KATHERINA,BALENTINE,1,Pancakes,+01:00,690761100000
LORI,WHITBECK,7,Kiwi,-08:00,569633700000
STEPANIE,GARGIULO,6,chicken,-04:00,538237500000
BRITNI,TAMMEN,2,Spaghetti,-04:00,253646640000
THEODORE,YEE,1,Quesadilla,-05:00,917473500000
MARTHA,MARKEY,1,Almonds,+06:00,690352560000
BENEDICT,SCHOPPE,1,chicken,-05:00,317220480000
PENNEY,PENN,2,pizza,-04:00,284363700000
CORTEZ,CARLEN,1, Bread,+03:30,916568160000
ELVINA,ROSAMOND,1,Steak,-09:00,816483100000
MAURITA,STINCHCOMB,2,Meatballs,-04:00,690201840000
SHAWNNA,TSAI,1,Mushrooms,-08:00,569691240000
ARLENA,PROPES,2,turkey,+01:00,253516620000
BOK,MALCHOW,3,pineapple,-04:00,948903360000
NISHA,MITSCHKE,1, steak,-06:00,424078240000
ABRAHAM,HUGULEY,5,Ice Cream,-08:00,190847640000
POK,SERNA,1,pizza,+05:30,159785040000
LIESELOTTE,QUINTON,1,Edimame,-05:00,832512580000
SANDRA,ADE,8,Hamburgers,+06:00,797704720000
CARMELA,LOVERIDGE,1,Chicken,-12:00,757482060000
JEANIE,GILBEAU,5,Turkey,-04:00,727006200000
MIRNA,BOHALL,1,grapes,+05:30,443638860000
ELSA,OROSZ,1,Pomegranates,+01:00,157845600000
WHITNEY,MICHELIN,2,Ice Cream,-05:00,126556920000
JAMI,EIMER,5,chicken,-04:00,95429940000
BERRY,DELISLE,4,Pumpkin pie,+10:00,727929600000
RENEE,TIMOTEO,1,Pineapple,-09:00,695709540000
DONG,THORNBORROW,2,Shrimp,+06:00,411648660000
DUDLEY,SKEEN,1,Meatballs,+01:00,147237320000
LORRIE,DIEKMANN,4,turkey,-07:00,96788460000
ADELINE,MIRA,3,grapes,-05:00,757773060000
LYDIA,MCINNIS,1,Meatballs,+08:30,441761400000
MICHAL,MATARAZZO,1,chicken,-08:00,158903460000
XAVIER,SALLIE,2,Candy,-08:00,128477520000
SASHA,COUNCIL,2,Bacon,-04:00,505594440000
HAE,STEFFENSON,2,steak,-07:00,816078580000
GEMA,DEPONTE,1,Yogurt,-06:00,158033640000
VELLA,DICKEY,2,Grapes,-05:00,537483360000
MARTI,SANTACRUZ,2,quesadilla,+06:00,269510640000
KASSIE,KERESTES,1,Prawns,+04:00,917163360000
SHAINA,TANSEY,1,chicken,-08:00,601077420000
MI,MASHBURN,1,pumpkin pie,-06:00,285704760000
AMOS,DUBAY,1,Cashew nuts,-05:00,285266820000
LETA,CEARLEY,1,Meatballs,+10:30,636275140000
TERRELL,HUETT,1,Meatballs,-08:00,347835480000
ALINA,HOSLEY,3,Apple pie,-07:00,348875820000
RIGOBERTO,TSAO,1,Bacon,-05:00,568848360000
DENVER,LARKEY,1,Macaroni and cheese,-04:00,286113300000
JENI,BRACKIN,1,Sweetcorn,-04:00,915639360000
NOMA,GOBIN,2,Zucchini,-10:00,636705820000
CAROLEE,JARMAN,2,Watermelon,+01:00,599812560000
SCARLETT,COURVILLE,1,Almonds,+05:45,570232620000
ORVAL,NETZER,1,meatballs,-04:00,285767220000
WINSTON,HALBROOK,1,Turkey ,-04:00,252924360000
SUNNY,BRODE,1,grapes,-05:00,916589700000
ANNAMARIE,SIGGERS,1,Watermelon,+04:00,690366960000
DAMON,STICKNEY,1,Meatballs,-06:00,285661020000
SHIRLEY,WINKELMAN,4,Donuts,-04:00,695943480000
ANTONIA,KINDALL,1,Bread,-04:00,664112220000
EDGAR,NOFFSINGER,1,Noodles,+08:30,636134140000
MALORIE,YEATMAN,3,Meatballs,+01:00,63067680000
JOY,BALASUBRAMANI,2,Ham,-06:00,284660280000
RITA,MICEK,1,Mozzarella cheese,-12:00,664232880000
COREY,DISMUKE,1,Chocolate,-04:00,662664540000
ESPERANZA,LAUREL,4,Almonds,+08:30,348221940000
RAYMUNDO,BEVANS,3,chicken,-03:30,63524880000
CARL,MCGRUDER,1,Mozzarella cheese,-06:00,31733220000
BERNICE,SKAHAN,1,pineapple,-05:00,947853000000
REANNA,LOMBARDO,2,Ice Cream,+12:45,381036540000
KAREY,WESSNER,4,Mashed potatoes,-08:00,65380740000
MARGARET,ALEN,1,Candy,+04:00,64989600000
KIRSTEN,BJERKE,1,Popcorn,-05:00,695524140000
GEORGIA,STEINBACH,1,Blueberries,-05:00,147511460000
DANYELLE,LILL,5,Soup,+01:00,797178040000
LORNA,HOWK,2,waffles,-06:00,475531320000
BERYL,SANTORO,2,Chocolate,+06:00,885590040000
FLOY,KILMARTIN,1,Steak,-04:00,159006120000
CHRISTENA,POST,1,Meatballs,+01:00,126214920000
MERRY,DUBBERLY,2,Candy,+01:00,791133060000
LEATHA,WALDRIDGE,2,Sheperd's pie,+00:00,424015240000
KEESHA,SYLVESTRE,1,Mango,+06:00,190673040000
EMMETT,HAINS,2,Rice pudding,-08:00,852104580000
BURTON,WAHLQUIST,4,Grapes,-09:00,589863640000
CLAY,BAST,1,Cashew nuts,-08:00,589422040000
BILL,FENWICK,1,Blueberries,-08:00,424996180000
LAWANDA,LEITH,1,Sweet potato,-07:00,189585840000
ESTELLE,TULLEY,4,Yogurt,-04:00,854384700000
LIONEL,HIRAI,1,Hamburgers,-02:00,537273720000
ETHAN,LESUEUR,2,Ice Cream,+04:00,797603860000
REGGIE,DAGG,2,ice cream,+01:00,757499040000
QUEEN,DUCHARME,2,Waffles,-06:00,190287840000
DIXIE,HALVORSEN,2,Edimame,-05:00,567970440000
VIRGIL,TROVATO,4,Artichokes,+08:30,536855100000
JAMAL,SPAINHOUR,3,Sweetcorn,-05:00,253796040000
KEN,DOUD,1,waffles,-04:00,473625120000
ELIZA,SELZER,7,Bread,-03:00,189938640000
ERICK,GLANTON,2,Sushi,+12:45,568631040000
VERONICA,EYLER,3,Oysters,-01:00,832242040000
LON,PETTI,8,Oysters,+06:00,589017580000
LUKE,WOODCOCK,2,Quesadilla,+01:00,505837920000
LENA,ROMANIK,2,Chocolate,+04:00,189753240000
GABRIELA,TEATER,1,Ice Cream,-04:00,853555380000
WINIFRED,RIGGAN,8,Oysters,-09:00,821624640000
ELIJAH,CAVNESS,1,Lobster,+06:00,507265380000
GERMAINE,PAPKE,1,pineapple,+01:00,63652260000
WILLIAN,SCHROCK,4,Chocolate,-03:30,473955000000
TYRA,MORGON,1,Meatballs,+10:00,441919800000
SU,STEINFELDT,2,pizza,+01:00,412392060000
BETTINA,DOERR,2,Eggs,-05:00,589324120000
DIANNE,GRILL,5,Salsa,-05:00,759087660000
MARVEL,PRIVETTE,1,steak,+04:00,725834400000
ROSALEE,PLANK,1,Spaghetti,+06:00,157716060000
DEWAYNE,BREDE,2,Apple pie,+07:00,410922780000
MI,MASKELL,2,Hamburgers,-05:00,94913400000
ANNIE,BOETTCHER,2,ice cream,+05:45,506434740000
RENATE,MAZYCK,5,Spaghetti,+14:00,726768600000
FLORANCE,KOELLER,2,Spaghetti,-04:00,695842260000
TRISTA,MIDDLEBROOKS,1,Pasta,-10:00,411591540000
STEPHINE,PERO,5,Ice Cream,+06:00,380008200000
BELVA,MCDORMAN,2,Meatballs,+05:30,65337540000
KRYSTLE,SEMIEN,1,Beef,-07:00,727719000000
CATHLEEN,BERTONI,1,Shrimp ,-04:00,727267140000
YUKO,TULLER,3,Mango,-04:00,696492000000
PENNIE,WYLAND,1,Meatballs,-04:00,95734200000
ANTIONETTE,LUTRICK,1,pizza,+01:00,347943480000
SHAYNA,HAYSE,4,Pumpkin pie,+04:00,64302480000
FLETCHER,HANE,6,Blueberries,-04:00,32816340000
WARNER,HULING,2,Apples,+01:00,947560080000
DORTHEA,BRIGANCE,2,chicken,-05:00,380433540000
KATHIE,BURKHARDT,1,Eggs,+08:30,636883960000
GLADIS,MAINS,3,Edimame,+13:00,348283620000
VITA,ZAMORA,1,Salmon,+10:00,317296620000
JONNA,ADORNO,3,Lamb,-07:00,948498420000
ARDIS,GWYNN,2,Bread,-06:00,948055560000
JANEE,FLYNN,1,Edimame,-01:00,222000300000
CONCHA,WOLDT,1,Sardines,-05:00,601668360000
REGENA,YEO,1,Ham,-04:00,316030680000
CHERRI,GEORGE,1,waffles,+01:00,285571020000
FAUSTINA,LEAVER,2,Cheddar cheese,+03:00,915242880000
MIGNON,MCCLESKEY,3,Tuna,+07:00,633424020000
TAINA,PINNER,3,Meatballs,-04:00,601259760000
GIOVANNA,SAARI,1,pizza,+09:30,316106760000
THORA,BECKSTROM,5,turkey,-07:00,947913960000
CONSUELA,CUSTIS,1,Cheddar cheese,+03:30,947731560000
YING,TOOLE,2,Ice Cream,+01:00,636160360000
ORPHA,KACZOR,1,Soup,+06:00,690172560000
ARIELLE,TOSTADO,8,Lobster,-04:00,569131020000
MERYL,DESILVA,1,Potato chips,-04:00,946847820000
PRINCE,LAWES,4,meatballs,-05:00,947369760000
SHERLENE,ODOM,1,Asparagus,+04:00,915404040000
DENEEN,NALBANDIAN,1,grapes,-07:00,816001960000
SIGRID,RABURN,2,French toast,-06:00,568004700000
MARGORIE,BALTZELL,4,Artichokes,-07:00,285951300000
GINNY,SUMRALL,1,Sweet potato,+12:45,252935160000
MIKA,DAWLEY,1,Spaghetti,-10:00,917367300000
KAM,LAM,2,Watermelon,+13:00,885669240000
NYDIA,HINCHMAN,3,Pancakes,-08:00,690565440000
MAKEDA,SCHOOLFIELD,1,Banana,+01:00,820949640000
EDDA,GAYMAN,1,Turkey,+01:00,269769900000
PHILOMENA,ROSSELL,1,apple pie,+07:00,252528300000
PAOLA,PETELL,2,Pomegranates,-04:00,191171700000
AUDIE,ALLSHOUSE,1,Ice Cream,+01:00,690152700000
SHIRLEE,ABBEY,1,sweetcorn,+06:00,569697180000
FLORIA,MALINSKY,1,Beef,-04:00,537714180000
AUDREY,GRUBB,1,Prawns,-06:00,253326780000
CLOTILDE,MERRYMAN,2,Ice Cream,-05:00,475084380000
KACY,ORSINI,5,pizza,+09:30,852452520000
JACQUIE,FILLION,1,pumpkin pie,-05:00,570182640000
KIERA,ROOP,1,Strawberries,+01:00,538675380000
REINALDO,GROOMES,1,Steak,-08:00,221415840000
LAWANNA,COULTER,1,chicken,-08:00,885160380000
ANNAMARIA,RUFFO,1,Sweet potato,+09:30,441768180000
LEOLA,STRAUGHTER,3,pizza,+04:00,442277460000
TASHA,CRIDER,1,Asparagus,-06:00,820930320000
JILLIAN,CURET,1,Kiwi,+04:00,95913720000
ROBBIE,MAISON,4,sweetcorn,+01:00,65293800000
RENE,ROUSSELL,4,SPAGHETTI,-09:00,442342860000
CHANELL,KYE,3,Pineapple,+06:00,411884520000
JACQUETTA,GANGER,2,Macaroni and cheese,-05:00,126418320000
MAILE,QUALLS,1,pizza,-05:00,379477200000
MATTIE,REINHARD,2,Pumpkin pie,+01:00,759260400000
ROSINA,BAILEY,4,Cashew nuts,+01:00,32954460000
CORTNEY,FRIDAY,1,Prawns,-05:00,694348200000
KRISTINE,BALCOM,2,Soup,-05:00,664829460000
SULEMA,POLITZ,1,Lobster,-08:00,778473380000
JOE,BOYSTER,2,Quesadilla,+04:00,222708180000
JALEESA,GILREATH,1,Ice Cream,+01:00,190835520000
CLARITA,TOULOUSE,1,Mashed potatoes,+01:00,820540320000
LYLE,MACKENZIE,5,Candy,+03:00,791117460000
DEEANN,FOLKS,1,French toast,-06:00,56662520000
JACQUELYN,KOZIK,2, Prawns,-05:00,473691180000
ADENA,GERRISH,4,Ice Cream,+09:30,424699660000
LAURINE,BARTOL,2,Yogurt,+14:00,821835780000
VERNON,LUCUS,1,Pumpkin pie,+01:00,832327120000
ARNETTA,WIEDEMAN,1,Blueberries,-06:00,252807840000
CHAUNCEY,MCCLAREN,1,Ice Cream,+06:00,189899580000
NU,STANSFIELD,1,Sweet potato,-06:00,442907580000
LAURALEE,CURRIER,1,apple pie,-05:00,853096380000
NARCISA,BLACKSHEAR,2,Strawberries,-05:00,791064180000
VERLINE,EHRHART,1,Lamb,-05:00,506418840000
JEANICE,DORRANCE,1,Zucchini,-05:00,221194920000
CARSON,DINSMORE,2,Apple pie,+01:00,442819860000
JOYA,GREENBAUM,5,Sushi,+06:00,821300700000
MAXIMINA,STREICHER,5,Meatballs,+06:00,536874120000
SHEILAH,GUNNERSON,2,pizza,-03:00,504884460000
MAGAN,HEMPEL,2,grapes,-05:00,475462380000
HEE,LUNDY,5,Bruschetta,-05:00,189811380000
NOHEMI,WIGGS,3,Almonds,-04:00,853663860000
TOCCARA,BIRGE,1,Oysters,-04:00,147606320000
PRISCILA,FELDSTEIN,3,Mushrooms,+04:00,791197860000
VASILIKI,VILLALVA,3,Prawns,-08:00,424323520000
JAYNA,CHIPPS,1,Chocolate,+01:00,727312920000
MARDELL,SCUDERI,8,Meatballs,-03:30,158942340000
SENA,MARINELLI,1,pizza,-04:00,147272060000
MAURITA,SIMKIN,1,Popcorn,-04:00,791048460000
ARMANDINA,MCDUFFIE,1,Peanut Butter,+12:45,475122720000
ARLENA,IDE,1,Ice cream,-01:00,441935580000
HANNELORE,AZIM,1,chicken,-07:00,442578120000
NIESHA,DARLAND,2,Grapes,-05:00,128210340000
CASIMIRA,STUMPFF,4,Sushi,-07:00,636836200000
GOLDIE,COCO,1,Kiwi,-05:00,94907940000
REX,ULMER,6,Meatballs,-04:00,316371420000
LIONEL,ARMISTEAD,2,Donuts,-07:00,284364540000
MARA,BELASCO,1,Bread,+09:30,664178400000
VIOLA,OLIVEIRA,1,Almonds,-03:30,380914080000
DONNIE,MATINEZ,3,Oysters,-04:00,94726140000
ZELMA,DOMINION,6,Sweetcorn,-06:00,33594480000
VIRGIL,ALCINA,1,Popcorn,+04:00,33062940000
TARA,ZHAO,6,Pomegranates,-05:00,410259600000
NICHOLLE,MAROVICH,5,Meatballs,-03:00,94781520000
JOANN,POLICASTRO,3,turkey,-04:00,424424320000
MARYLIN,HARPIN,1,Bread,+05:30,190307640000
KATHARINA,RAGGS,1,Steak,+06:00,569837100000
SHAMEKA,RENZI,1,ice cream,-05:00,252876300000
GREGG,GALLIVAN,3,waffles,-04:00,220896900000
ROSELLA,BIRNBAUM,3,Pomegranates,+04:00,816749980000
DEMETRA,CLYNE,1,Pomegranates,+05:30,189960240000
ASIA,NEZ,1, chicken,+04:00,568616700000
ANNEMARIE,HYER,1,pizza,+03:30,536725020000
HERMA,SCHROETER,1,Bread,+04:00,915218160000
BROOKE,CULTON,2,Noodles,+01:00,349166160000
JANIECE,HOWSE,2,chicken,+00:00,570045900000
TRENTON,SURA,5,turkey,-03:00,32984220000
ALEISHA,KLAWITTER,6,pineapple,-04:00,664790880000
KIRK,RATCHFORD,2,Meatballs,-04:00,915898560000
ELVIRA,LARRIVEE,1,Steak,+13:00,601491420000
JILLIAN,EDWARD,5,Mushrooms,+01:00,317050020000
LORETTA,HALAS,2,Popcorn,-03:00,31943820000
STEWART,NIEBUHR,2,pineapple,-05:00,538412100000
CARMELO,CAPELL,2,Meatballs,-04:00,915596640000
BECKY,SORUM,1,Lamb,+01:00,222363900000
MALCOM,MUSSELWHITE,2,Zucchini,-04:00,854282640000
NILDA,CARTY,2,Edimame,-04:00,568834440000
SHAUNA,ZIGLAR,6,Banana,+06:00,253278960000
PEARLIE,LAFFEY,2,Ice cream,-08:00,916508700000
GLADYS,MICKLEY,1,Zucchini,-05:00,883669500000
DARLA,PEIFFER,2,Watermelon,-05:00,853158420000
EMELINA,DREYFUS,1,Banana,+01:00,32251620000
MARCO,RATTI,1,pizza,-04:00,948596100000
FREDDA,MONEYPENNY,1,Spaghetti,+01:00,252549960000
NOEL,KIMBERLY,1,apple pie,-05:00,816827680000
REFUGIA,FUNARI,8,Ice Cream,+05:45,317663820000
LORIA,VERDEJO,2,Chicken,-04:00,284784960000
RAUL,MCCASLAND,2,pizza,+01:00,252630960000
DARCEY,APPLEGATE,1,Pineapple,-01:00,917469960000
ALAINE,FAIRCLOUGH,1,Pomegranates,+04:00,222901560000
QUINN,FRESQUEZ,7,Mango,-08:00,853612500000
CORRINE,KELLUM,2,Rice pudding,-07:00,568110360000
DENISE,CLONINGER,1,quesadilla,+06:00,946802280000
LAKENYA,HUGEE,3,Shrimp,-01:00,916075200000
MERIDITH,FAIR,2,chicken,-05:00,349130400000
ALDA,BARTOLOTTA,3,Turkey,+01:00,726757740000
LEMUEL,BEAGLE,1,Pomegranates,-05:00,410725800000
RAMON,ROUSSE,1,Ice Cream,+13:00,379869600000
LOLA,KORNEGAY,3,chicken,-06:00,95862000000
CHANDRA,DELREAL,1,Beef,+06:00,759260400000
DEE,STORR,1,quesadilla,+06:00,727448460000
OCTAVIO,GAYLE,5,Prawns,-06:00,695634660000
CHARLINE,OHANLON,1,chicken,-05:00,147269720000
BERTIE,ANTONETTI,2,pizza,-05:00,759337380000
LOURDES,SCOVIL,1,Sheperd's pie,-03:30,475072260000
JEFF,SCHLEICHER,7,Chocolate,+01:00,190831920000
JENEE,GILLILAN,1,chicken,-05:00,410447580000
JEANNETTE,ZIEMANN,2,pizza,+04:00,589561720000
FAITH,HERSH,1,Popcorn,+01:00,506962980000
LOAN,LEBO,7,Pomegranates,-06:00,726063780000
JARROD,LANHAM,3,Apples,-04:00,441781260000
MOLLY,EATMON,1,pizza,-06:00,411128460000
BRITTNY,BRISSEY,2,Apple pie,-05:00,410942520000
JANETTE,COWELL,1,Eggs,-05:00,759035460000
ELI,JAGODZINSKI,2,steak,+14:00,473416320000
ISOBEL,STACKS,1,Apples,+03:30,444030720000
MYRA,VALDERAS,8,Grapes,-05:00,158548860000
STACIE,THIELE,1,Watermelon,-07:00,378999720000
MARHTA,SHEEDY,1,Salsa,-04:00,95053260000
CHARLIE,LAXSON,5,Lamb,+06:00,759506520000
ROSS,BEECROFT,4,grapes,+06:00,726405780000
ROSEMARY,VANDERHOOF,2,Avocado,-10:00,410777460000
HARRY,PELC,2,Halibut,+01:00,147743120000
TYRELL,MORIMOTO,1, chicken,-08:00,379924860000
WILLIE,WYCOFF,4,Donuts,-05:00,778254200000
NEAL,URBINA,3,Bread,+03:30,726255060000
KERRI,MARIA,2,Noodles,-05:00,411799920000
LUETTA,NUZZO,2,Ice Cream,-08:00,128481660000
HAL,PORTERFIELD,1,turkey,-08:00,589806460000
LASHUNDA,ALLENDE,1,grapes,-07:00,778080920000
MIKEL,MATHIESON,1,Strawberries,-04:00,727486260000
ELADIA,VAIL,2,Meatballs,+08:30,695606400000
MINDY,TROSCLAIR,5,chicken,-05:00,663592860000
ARNULFO,KISSELL,1,grapes,-04:00,378982200000
CORNELIA,MERRIMAN,1,Hamburgers,+14:00,96095400000
DEWEY,CORR,3,steak,-06:00,33805080000
CLEVELAND,MCMUNN,1, Lamb,-02:00,32088600000
DONNA,MILLWARD,1,Apple pie,+13:00,128123940000
LUCILLA,WICKENS,1,Sushi ,-05:00,631290000000
ESMERALDA,HEITZ,1,Banana,+04:00,636184540000
KERRIE,YANT,3,Ice Cream,+09:30,316563480000
MI,GUIDER,2,waffles,+04:00,695965140000
JANNA,BRASH,1,Bread,-05:00,947120340000
RENATE,HARRIES,3,Noodles,-04:00,631139280000
BOB,NASTASI,4,Meatballs,-05:00,348284940000
TOM,DELAVEGA,2,Turkey,+03:00,63583800000
KAYE,BRANSFORD,6, waffles,-03:00,31779540000
GERALDINE,VANDERVOORT,3,Cheddar cheese,-08:00,948056340000
HELLEN,GASKELL,1,Sardines,-04:00,95583000000
JOSEPHINE,OLIVAS,2,pizza,-04:00,348059460000
LUCINDA,CROWTHER,2,Beef,+10:00,64953060000
MARQUIS,DELOERA,1,Pineapple,-02:00,695707200000
ARDELIA,KELLIHER,5,Meatballs,-05:00,412334460000
DOMENICA,GEBHART,5,pizza,+00:00,797150260000
TAISHA,ARTERBERRY,2,grapes,+06:30,759121800000
FREDRICKA,BEATY,1,Shrimp,+10:30,725810940000
LARITA,VANNESS,6,Steak,-05:00,694240200000
KRISTINA,HACKBARTH,1,Meatballs,-07:00,412219260000
BLAKE,WELLONS,2,pumpkin pie,-06:00,589288060000
JANEAN,DOUTT,2,pineapple,+01:00,778081400000
THELMA,HEINER,3,Meatballs,+10:30,726103860000
ELENI,HARBUCK,1,Asparagus,-08:00,159964200000
ADALINE,RATH,8,Grapes,-05:00,128049600000
RANDA,MOTTER,1,Popcorn,-06:00,380055000000
ELWANDA,LORENZ,1,Macaroni and cheese,-07:00,348090540000
BERNA,MCENTIRE,4,ice cream,+03:00,728139660000
NECOLE,MANASCO,1,Spaghetti,+07:00,694714920000
CARLEE,CAUDLE,2,Pasta,+04:00,662788740000
PASTY,CHIPLEY,2,Sushi,+05:45,636553600000
CHARLENA,CARVEY,1,Kiwi,+01:00,690389880000
ROLAND,CONCEPCION,1,Mushrooms,-08:00,727718940000
ETHEL,ASBERRY,1,Quesadilla,-04:00,32087340000
SAMMY,BANFIELD,3, Pasta,+12:45,662624940000
DAWN,KARR,3,Ice Cream,+09:30,126196860000
EXIE,TULEY,1,pizza,-05:00,63900600000
LUCINA,STENDER,1,Waffles,+10:30,726260460000
STACEY,BOWDEN,1,Tuna,-04:00,410633520000
FLORRIE,FOSTON,1,Ice Cream,-07:00,126451200000
BERNARD,TROSPER,1,Mashed potatoes,+00:00,380875800000
TOMAS,VICK,1,Mozzarella cheese,-03:00,63718800000
TULA,RABE,1,Shrimp,-04:00,475030860000
RACHELE,BULLUCK,1,Steak,+08:30,442977180000
KIESHA,SLEMP,1,Mushrooms,+01:00,589948240000
SALOME,BETTINGER,2,Lobster,-05:00,791262180000
AMMIE,CHRISTLEY,1,pineapple,-03:00,759270180000
SHERRELL,KEYS,1,steak,-05:00,189613380000
LOVELLA,BARBOZA,1,chicken,+05:30,853318260000
GIOVANNI,CRICK,1,Pumpkin pie,-03:30,538588980000
LOVIE,BOYD,3,Peanut Butter,+01:00,505509840000
ADELAIDA,SLAYBAUGH,1,meatballs,-04:00,757563000000
GREGORY,AVIS,1,Salmon,-08:00,727083060000
BRODERICK,RUSSO,1,Asparagus,+07:00,158423400000
QUEENIE,ACCARDO,1,Corned beef,+06:00,537595920000
DARIA,SKEANS,2,Banana,+01:00,589112980000
SACHIKO,HOOTS,2,ice cream,-06:00,473614320000
CYTHIA,ALTAMIRANO,5,Sweet potato,-04:00,852965040000
CLAIR,TOLLISON,1,Corned beef,-05:00,832483240000
ART,FRERICHS,1,Artichokes,+06:00,538066500000
LINDSAY,SAUCEDA,2,MeatBalls,+03:00,506568240000
LADONNA,BASKET,2,Donuts,+01:00,883904760000
JANNETTE,KEIRSTEAD,1,Avocado,-04:00,442302720000
KATHLENE,LHEUREUX,3,Noodles,-10:00,159406980000
TERA,INOUYE,1,Meatballs,-05:00,820816440000
NORMAND,BORDENET,3,pizza,+10:00,797219440000
LELA,PAPAGEORGE,1,waffles,+04:00,475699980000
TORY,FRAY,1,Cheddar cheese,+04:00,443607240000
LILLY,HANER,1,Ice Cream,-05:00,821758380000
SHANELL,JORGE,4,Soup,-04:00,797446840000
JOSPEH,HULLINGER,1,pumpkin pie,+00:00,791089380000
DWAIN,ELZEY,1,Quesadilla,+01:00,475212180000
FREDERIC,BECHTEL,1,steak,-05:00,852540240000
HELEN,EMMETT,1,pizza,+05:45,284214360000
MARGENE,GIUSTI,2,Waffles,+04:00,253614300000
ALYSA,CLARY,1,Shrimp,+01:00,916087020000
ALLEGRA,LIMBERG,3,Steak,-04:00,816081160000
MANDY,SANDERFER,2,Ice Cream,+01:00,853697100000
TRISTAN,HUSBANDS,1,pizza,-04:00,285014820000
TARRA,ZENZ,1,Cheddar cheese,-05:00,949016280000
LISE,BRUSS,1,Meatballs,-05:00,633139080000
LEOMA,PRATO,1,chicken,-08:00,348685080000
DALILA,TESCH,2,Bacon,-04:00,317263680000
KATHEY,KILGOUR,1,Popcorn,-05:00,32612940000
DIMPLE,GIFFORD,1,meatballs,+06:00,947332500000
YAJAIRA,LABELLA,3,Ice cream,+01:00,915552960000
JOSEFINE,GROBER,1,Zucchini,+07:00,885130560000
ANTONIETTA,HURST,2,Peanut Butter,-04:00,316853280000
SIMONNE,LINDEMAN,3,meatballs,+05:30,284950500000
MISTIE,LULL,4,meatballs,+14:00,664436280000
INGER,OYER,1,Yogurt,-08:00,379001220000
CELENA,CASSADY,2,Corned beef,-05:00,347473620000
ARACELY,CHARPENTIER,1,Salsa,-05:00,317555280000
REYNALDA,COLA,2,MeatBalls,-06:00,285626040000
LOVE,STEFFENS,2,Sweetcorn,-04:00,538065180000
LEVI,GEOFFRION,3,Spaghetti,-04:00,916584300000
LANELL,ROPER,5,Pancakes,+04:00,348188280000
SHANEKA,SEALY,2,chicken,-07:00,63895680000
LEXIE,COHENOUR,7,sweetcorn,+00:00,696159540000
SIMONA,SNEDEKER,1,grapes,-12:00,663921960000
BERNEICE,GRAYBILL,1,Tuna,+06:00,631129800000
ROXIE,THOMS,2,Meatballs,-08:00,348282600000
KAITLIN,LOCH,1,Pizza,-07:00,32048280000
ANH,RADTKE,1,Lobster ,-05:00,31743480000
YOUNG,SCHUTTE,2,Chocolate,+06:30,663820680000
KRISTIE,KRASNOW,1, Meatballs,-08:00,95903400000
EMERY,SETTLES,2,sweetcorn,-04:00,65123340000
ELLIOT,PIOTROWSKI,2,quesadilla,-04:00,727442520000
NICHOLAS,SCHILD,1,Edimame,+03:00,411862380000
JON,HEDGES,1,Ice Cream,-06:00,380836200000
GAYNELLE,BUFFORD,2,pizza,+01:00,96963600000
CASANDRA,HENSEN,4,turkey,-06:00,63425400000
ESTELLA,CATALANO,3,Strawberries,-05:00,727255860000
BRADLEY,WEAKS,1,Ice Cream,+10:00,410242860000
RUTHE,NAUYEN,1,Mushrooms,+01:00,380647200000
OTTO,BORDEAU,2,Candy,-06:00,379563060000
QUINTON,FAWLEY,2,Sheperd's pie,-01:00,63465060000
KIRK,HEAVNER,2,Chocolate,+14:00,695307660000
TRICIA,OTTS,6,Meatballs,+06:00,694854540000
PALMA,GUST,1,SPAGHETTI,-07:00,664187340000
VALARIE,ESTEL,1,Avocado,+06:00,631193280000
FRAN,ROSEBERRY,1,Edimame,-09:00,348250200000
SIMONE,ARREAGA,3,steak,+01:00,317740680000
EFFIE,FOCHT,2,Donuts,-08:00,947475000000
JESUS,LEGLEITER,2,grapes,-04:00,664468140000
ALVA,CABRALES,1,Bruschetta,-07:00,633419400000
LIANA,LAZZARO,1,Ice Cream,+07:00,690509940000
MARIAM,MILLAN,3,chicken,+12:45,601242480000
DUSTY,RUBANO,3,Lobster,+06:00,32087340000
DARWIN,BRISSETTE,1,Pasta ,-07:00,916555080000
OUIDA,PIXLER,1,Steak,-08:00,636316480000
RENAE,HUNSICKER,1,Rice pudding,-04:00,349254660000
ROSETTA,HUDELSON,2,Lobster,+04:00,33033660000
LADONNA,KECK,8,Pomegranates,-08:00,443313000000
REENA,ANTONELLI,2,Ice Cream,-04:00,126244740000
CHARLOTTE,CLOUGHERTY,1,Mashed potatoes,-05:00,379371000000
RAUL,LAHMAN,1,turkey,+05:30,778040000000
CARON,MCCAMBRIDGE,1,Strawberries,-07:00,727491660000
ESTA,ZECCA,3,Steak,-08:00,695600520000
LORE,BATTS,1,Meatballs,-06:00,379590600000
BARRIE,SCHULENBERG,4,pizza,-06:00,96703860000
NADENE,MAERTZ,1,Sheperd's pie,-04:00,63567120000
TEMPIE,GERMAN,1,Chocolate,+04:00,442927320000
KARLENE,GREB,2,Meatballs,-05:00,410328000000
WAI,BUGOS,2,Bacon ,-04:00,147224720000
JA,HERRMANN,2,Popcorn,+13:00,797751460000
VONCILE,LORRAINE,1,Potato chips,+01:00,424863520000
JAMES,WHEELUS,1,Ice cream,+01:00,441912120000
MARIELLE,BROWNING,1,pizza,-04:00,159694980000
SHELLA,TISBY,4,Bacon,-04:00,589624720000
ELFRIEDA,LISK,2,French toast,-07:00,757589520000
